pollster,id,polls,aapor,banned,ppm,grade,bias,called,outMOE,avgErr,advPM,nBias,rawBias,house
The Washington Post,3,98,yes,no,-1.0889,A+,0.8981,0.6939,0.0612,2.9595,-1.5009,93,1.1874,0.8981
Marquette University Law School,195,17,yes,no,-0.9972,A/B,0.3155,0.7647,0.0588,2.7118,-2.5684,13,0.8962,0.3155
Research & Polling Inc.,280,44,no,no,-0.9753,A+,-0.5494,0.8864,0.0909,4.177,-2.1076,43,-0.9567,-0.5494
OnMessage Inc.,239,32,no,no,-0.8503,A,-1.2252,0.8125,0.125,3.2628,-2.0193,32,-1.9978,-1.2252
Data Orbital,73,18,yes,no,-0.8305,A/B,0.0794,0.8056,0,2.5944,-1.8472,18,0.1867,0.0794
TIPP Insights,144,51,no,no,-0.8119,A,-0.071,0.6373,0.0196,2.0892,-1.7099,51,-0.1014,-0.071
Cygnal,67,58,no,no,-0.8036,A,2.0376,0.9397,0.1379,3.9122,-1.6809,58,2.7688,2.0376
The New York Times/Siena College,448,116,yes,no,-0.7951,A,1.4121,0.7371,0.181,4.0176,-1.1367,114,1.7015,1.4121
Monmouth University,215,131,yes,no,-0.7719,A,2.0013,0.7748,0.2595,5.7196,-1.1936,93,2.6391,2.0013
SurveyUSA,325,871,no,no,-0.6574,A,0.0857,0.8915,0.1975,4.7112,-0.8329,710,0.0911,0.0857
CBS News/The New York Times,36,66,yes,no,-0.6522,A,0.2683,0.7576,0.2424,4.4639,-0.9954,53,0.5315,0.2683
Public Opinion Strategies,260,80,yes,no,-0.6411,A,-1.2787,0.6687,0.225,5.4655,-0.9287,78,-2.0153,-1.2787
AtlasIntel,546,93,yes,no,-0.6358,A,-0.0358,0.8441,0.1075,2.4552,-0.7662,83,-0.0437,-0.0358
Emerson College,88,320,yes,no,-0.6098,A,0.6074,0.7812,0.1844,4.6723,-0.9308,270,0.6576,0.6074
Siena College,305,67,yes,no,-0.6039,A,0.1189,0.8657,0.2537,5.1085,-0.8417,62,0.1735,0.1189
Muhlenberg College,219,36,yes,no,-0.5772,A-,-0.1093,0.8056,0.0833,3.705,-1.8492,35,-0.2069,-0.1093
Echelon Insights,407,19,no,no,-0.5523,A-,-0.1934,0.7368,0,2.1816,-2.0325,19,-0.3911,-0.1934
University of North Florida,360,14,yes,no,-0.5432,A/B,1.5805,0.5714,0.2143,4.8507,-1.1163,11,5.0164,1.5805
Beacon Research/Shaw & Co. Research,103,63,yes,no,-0.5324,A-,1.3443,0.7381,0.3016,4.8452,-0.6444,48,1.9785,1.3443
Hart Research Associates/Public Opinion Strategies,221,37,yes,no,-0.5253,A-,0.8503,0.7162,0.0811,3.44,-1.0387,34,1.5282,0.8503
Public Policy Institute of California,262,18,yes,no,-0.5245,A/B,-0.9951,1,0.2222,4.8144,-0.9563,12,-3.8683,-0.9951
Grove Insight,129,29,no,no,-0.5203,A/B,0.4652,0.8966,0.069,2.9548,-2.5085,29,1.199,0.4652
MassINC Polling Group,198,22,yes,no,-0.4961,A/B,-0.5487,0.8636,0.1818,4.52,-0.8711,16,-1.4994,-0.5487
Suffolk University,323,112,yes,no,-0.4958,A-,0.7051,0.8036,0.2232,4.9281,-0.7275,70,0.9646,0.7051
Susquehanna Polling & Research Inc.,326,56,no,no,-0.446,A-,0.4329,0.6607,0.2143,4.9652,-0.811,51,0.6531,0.4329
Greenberg Quinlan Rosner,126,62,yes,no,-0.4456,A-,2.1837,0.5887,0.129,4.4858,-0.5308,60,3.5958,2.1837
Mason-Dixon Polling & Strategy,197,446,no,no,-0.4393,A-,-0.5037,0.8599,0.2332,5.136,-0.6097,389,-0.5759,-0.5037
Landmark Communications,166,41,no,no,-0.4096,A-,0.8263,0.7073,0.1951,4.272,-1.0231,37,1.4765,0.8263
Marist College,183,213,yes,no,-0.4021,A-,0.5212,0.8122,0.2582,5.2803,-0.4727,144,0.6218,0.5212
Angus Reid Global,13,32,no,no,-0.395,A/B,-0.9774,0.9062,0.0625,3.2,-1.8669,32,-2.14,-0.9774
National Journal,224,12,yes,no,-0.3874,A/B,-0.1101,1,0,2.5958,-2.541,12,-0.6375,-0.1101
The Winston Group,385,11,yes,no,-0.3829,A/B,1.0322,0.4545,0.3636,4.2636,-0.9666,11,4.0709,1.0322
Los Angeles Times,172,37,yes,no,-0.3812,A/B,-0.1359,0.8243,0.2703,5.0335,-0.7706,23,-0.6026,-0.1359
Stockton University,317,12,yes,no,-0.3786,A/B,0.8428,0.9167,0.1667,4.3958,-0.9079,12,2.9558,0.8428
Greenberg Quinlan Rosner/American Viewpoint,127,8,yes,no,-0.3777,A/B,-0.519,1,0.5,4.375,-1.5599,6,-4.2683,-0.519
University of Massachusetts Lowell,355,38,yes,no,-0.3712,A-,1.2853,0.7763,0.2368,5.4303,-0.4483,29,2.2448,1.2853
Concord Public Opinion Partners,553,4,yes,no,-0.3512,A/B,-0.0187,1,0.25,5.91,-1.7878,3,-0.1233,-0.0187
Christopher Newport University,50,16,yes,no,-0.3402,A/B,0.8144,0.9375,0.3125,5.2769,-0.4668,15,2.1887,0.8144
University of Connecticut,347,11,yes,no,-0.3401,A/B,-0.1258,0.9545,0.0909,3.6345,-2.2736,11,-0.9782,-0.1258
Elway Research,87,21,no,no,-0.331,A/B,0.6323,0.9048,0.0476,3.8631,-2.5601,20,2.0537,0.6323
Tarrance Group,333,32,no,no,-0.3205,A/B,-0.872,0.8125,0.2188,5.6188,-0.9482,28,-2.0825,-0.872
Field Research Corp. (Field Poll),94,25,no,no,-0.3186,A/B,-0.5491,1,0.2,4.1036,-2.1952,18,-2.4539,-0.5491
Fairleigh Dickinson University,92,22,yes,no,-0.3175,A/B,0.018,0.9545,0.1364,4.6818,-0.5906,21,0.051,0.018
Garin-Hart-Yang Research Group,113,33,no,no,-0.2969,A-,1.7334,0.8333,0.2727,5.3933,-0.8399,33,3.5376,1.7334
Western New England University,380,11,yes,no,-0.2863,A/B,-0.3166,1,0.0909,4.1936,-2.1414,10,-1.412,-0.3166
OH Predictive Insights,235,22,no,no,-0.2819,B+,0.5506,0.6818,0.0909,3.885,-1.1072,20,1.092,0.5506
Opinion Dynamics,104,34,yes,no,-0.2672,A/B,-0.2488,0.7206,0.1176,3.865,-0.3968,28,-0.9243,-0.2488
Alaska Survey Research,155,16,no,no,-0.2645,A/B,1.7697,0.6875,0.3125,5.4131,-1.1505,13,5.49,1.7697
Princeton Survey Research Associates International,258,35,yes,no,-0.2635,A/B,0.3841,0.6571,0.3429,5.0023,-0.2097,33,1.1058,0.3841
Lake Research Partners/The Tarrance Group,114,33,yes,no,-0.2617,A/B,-0.5951,0.5758,0.1212,3.3915,-0.653,33,-1.6648,-0.5951
Elon University,86,8,yes,no,-0.2563,A/B,0.3626,0.5625,0.125,3.155,-1.4491,8,2.0825,0.3626
National Research,225,15,no,no,-0.2467,A/B,-0.3472,0.7667,0.1333,4.3587,-1.7048,12,-1.2125,-0.3472
Abt Associates,7,13,yes,no,-0.2347,A/B,0.6712,0.8846,0.1538,3.7846,-0.9295,12,2.95,0.6712
Pharos Research Group,254,33,no,yes,-0.2329,F,0.6783,0.9394,0.1515,3.7373,-1.1382,33,1.5621,0.6783
University of California Berkeley,457,8,yes,no,-0.2277,A/B,0.322,1,0.5,4.975,-0.29,5,1.616,0.322
Strategic Vision LLC,320,133,no,yes,-0.2178,F,-1.4143,0.8872,0.188,3.9245,-0.5497,110,-2.3188,-1.4143
GfK Group,115,21,yes,no,-0.2149,A/B,0.1864,0.881,0.1905,3.9019,-0.4222,21,0.6181,0.1864
Quinnipiac University,267,229,yes,no,-0.2111,B+,0.5851,0.8144,0.2664,4.7199,-0.1686,175,0.6926,0.5851
Dittman Research,79,10,no,no,-0.2061,A/B,0.8149,1,0.2,3.695,-3.2791,9,3.0789,0.8149
Temple University,336,6,yes,no,-0.2025,A/B,-0.1654,1,0.1667,3.6633,-1.7892,5,-2.456,-0.1654
Michigan State University,463,2,yes,no,-0.19,A/B,-0.0355,1,0,1.03,-6.9509,2,-0.53,-0.0355
Selzer,304,59,yes,no,-0.1812,B+,1.2679,0.7797,0.2712,5.7141,-0.0206,40,2.1168,1.2679
Franklin & Marshall College,106,25,yes,no,-0.1811,A/B,0.5606,0.88,0.2,5.952,-0.166,22,1.3945,0.5606
KRC Research,160,22,yes,no,-0.1791,A/B,0.0651,0.9091,0.4091,6.835,-0.3758,11,0.7191,0.0651
"Fabrizio, Lee & Associates",90,11,no,no,-0.1731,A/B,-0.3003,0.6818,0.0909,3.7209,-2.1906,11,-0.93,-0.3003
RKM Research and Communications Inc.,272,35,no,no,-0.1607,A/B,-0.1051,0.8714,0.2286,5.1669,-0.84,21,-0.4914,-0.1051
Florida Atlantic University/Mainstreet Research,770,25,no,no,-0.1523,B+,1.3607,0.74,0.16,8.6116,-1.0942,10,3.81,1.3607
North Star Opinion Research,233,13,no,no,-0.134,A/B,-0.627,0.7308,0.1538,4.2869,-2.1592,11,-2.0809,-0.627
Gallup,112,84,yes,no,-0.1244,B+,-0.5652,0.6905,0.3095,4.3827,0.1675,69,-1.0935,-0.5652
KAConsulting,757,12,no,no,-0.1118,A/B,-1.6653,0.9167,0.1667,4.5333,-1.5118,12,-4.4983,-1.6653
Public Religion Research Institute,428,1,yes,no,-0.1111,A/B,0.009,1,0,0.26,-4.0662,1,0.26,0.009
Saint Anselm College,494,14,no,no,-0.1107,A/B,-0.2755,0.8571,0.2857,4.1364,-0.9923,13,-0.7169,-0.2755
Vox Populi Polling,372,19,no,no,-0.1077,A/B,0.3303,0.7632,0.1579,3.9584,-1.0601,19,0.8921,0.3303
Public Opinion Strategies/Hamilton Campaigns (Texas Credit Union League),261,2,yes,no,-0.1028,A/B,,1,0.5,6.94,-1.8337,0,,
Wirthlin Worldwide,387,4,yes,no,-0.1013,A/B,-0.1336,0.75,0.25,4.585,-2.0488,4,-3.935,-0.1336
University of Arkansas,345,10,yes,no,-0.094,A/B,0.8972,1,0.2,6.652,0.1873,9,3.7578,0.8972
Glengariff Group,117,16,no,no,-0.0932,A/B,0.8393,0.8125,0.25,4.4206,-1.2861,15,2.1507,0.8393
Belden Russonello,28,3,yes,no,-0.0851,A/B,0.0413,1,0.3333,3.9867,-1.123,3,1.1,0.0413
Indiana University,149,2,yes,no,-0.0845,A/B,0.0206,1,0,0.865,-5.0239,2,0.865,0.0206
Knowledge Networks,164,4,yes,no,-0.0813,A/B,0.2468,0.75,0.5,4.7975,-0.6942,4,4.6525,0.2468
Louis Harris & Associates,173,2,yes,no,-0.0668,A/B,0.0142,1,0,0.86,-4.5191,2,0.86,0.0142
RAND (American Life Panel),270,4,yes,no,-0.0609,A/B,0.1334,1,0.25,2.6725,0.0695,4,1.4325,0.1334
EPIC-MRA,84,58,no,no,-0.0521,B+,0.2197,0.7931,0.2241,5.8298,-0.7198,50,0.373,0.2197
Lake Research Partners,165,12,no,no,-0.0505,A/B,0.6525,0.8333,0.25,4.0583,-1.5843,12,2.5483,0.6525
University of Florida,349,1,yes,no,-0.0451,A/B,0.028,0.5,0,1.07,-1.4456,1,1.07,0.028
Ohio State University,236,1,yes,no,-0.0413,A/B,-0.0354,1,0,3.67,-1.1021,1,-3.67,-0.0354
Gordon S. Black Corp.,123,2,yes,no,-0.0411,A/B,-0.1053,1,0.5,6.36,-0.4488,2,-6.36,-0.1053
InsiderAdvantage,243,208,no,no,-0.0379,B+,0.3181,0.7091,0.3269,6.103,-0.1541,120,0.3682,0.3181
Rasmussen Reports,277,797,no,no,-0.0255,B+,-1.3521,0.7792,0.2823,5.0603,-0.1301,654,-1.4296,-1.3521
Pew Research Center,253,25,yes,no,-0.0231,A/B,0.6314,0.5,0.36,4.4144,0.4504,25,2.084,0.6314
Public Policy Polling,263,468,no,no,-0.0119,B+,0.878,0.7991,0.3162,5.1613,-0.0263,339,0.9693,0.878
Pan Atlantic Research,249,17,no,no,-0.0101,A/B,0.6109,0.9412,0.2353,6.2688,-1.4273,15,2.6487,0.6109
Polling Company/Global Strategy Group,255,4,yes,no,-0.0039,A/B,-0.1612,0.25,0.25,4.3,0.8379,4,-4.3,-0.1612
GQR Research/Public Opinion Strategies,222,1,yes,no,-0.0032,A/B,0.0999,0,1,8.98,2.5254,1,8.98,0.0999
Harvard University,135,1,yes,no,-0.0013,A/B,0.0761,0,0,6.84,0.2547,1,6.84,0.0761
Fleming & Associates,96,18,no,no,0.008,B/C,-0.4845,1,0.1111,5.1589,-1.6814,16,-1.8431,-0.4845
RRH Elections,274,15,no,no,0.0096,B/C,-0.2589,0.8333,0.2,4.5133,-1.1183,14,-0.7214,-0.2589
WPA Intelligence,383,20,no,no,0.0175,B/C,-0.8039,0.675,0.4,6.783,-0.4208,18,-2.11,-0.8039
Florida Atlantic University,97,9,no,no,0.0276,B/C,0.512,0.6667,0,3.6389,-1.7286,5,3.436,0.512
Leger,572,13,no,no,0.0278,B/C,0.2543,0.8846,0,2.8215,-1.9005,12,0.8167,0.2543
University of Cincinnati (Ohio Poll),346,39,no,no,0.0467,B/C,-1.0886,0.9359,0.2308,4.1985,-0.8197,30,-3.2057,-1.0886
SEA Polling & Strategic Design,302,14,no,no,0.0524,B/C,0.451,0.8571,0,2.9593,-1.607,10,2.169,0.451
Harper Polling,132,14,no,no,0.0539,B/C,0.3924,0.7857,0.1429,3.7414,-1.1882,11,1.4764,0.3924
Research Co.,449,85,no,no,0.0612,B,1.4297,0.8706,0.0941,4.2348,-1.2052,84,1.7848,1.4297
Harstad Strategic Research,134,11,no,no,0.0697,B/C,0.49,0.7727,0.0909,3.7155,-2.0293,11,2.6773,0.49
Blueprint Polling,470,8,no,no,0.0722,B/C,-0.5218,1,0,3.8175,-0.7742,8,-1.7325,-0.5218
Praecones Analytica,257,5,no,no,0.074,B/C,-0.1083,0.4,0,2.836,-3.2082,5,-0.596,-0.1083
East Carolina University,523,18,yes,no,0.0746,B/C,1.3153,0.75,0.3333,6.15,0.1297,15,3.134,1.3153
New England College Polling Center,228,19,no,no,0.0761,B/C,-1.0287,0.7368,0.1579,4.1916,-0.6097,19,-3.1379,-1.0287
Ciruli Associates,51,20,no,no,0.0795,B/C,-0.5303,0.95,0.05,3.6245,-1.6311,20,-2.1895,-0.5303
Clemson University,54,8,no,no,0.0796,B/C,0.0232,1,0.5,10.055,-3.8995,2,1.25,0.0232
J.L. Partners,619,10,no,no,0.0865,B/C,0.3911,1,0.2,4.292,-0.8432,8,1.33,0.3911
Mellman Group,205,28,no,no,0.0925,B/C,1.6941,0.8393,0.1429,4.8346,-0.5762,28,4.1782,1.6941
St. Norbert College,313,12,no,no,0.0948,B/C,-0.0086,0.875,0.0833,4.7983,-1.9005,11,-0.0491,-0.0086
Strategies 360,321,9,no,no,0.099,B/C,1.1512,0.6667,0.2222,5.8589,-1.1865,9,4.6811,1.1512
Blum & Weprin Associates,32,19,no,no,0.1032,B/C,-0.5461,0.9474,0.2105,4.7384,-2.1302,17,-3.4241,-0.5461
Lee Business School (University of Nevada Las Vegas),609,5,no,no,0.1038,B/C,0.1414,0.6,0.2,3.198,-2.3433,5,0.822,0.1414
YouGov,391,521,no,no,0.1114,B,1.0791,0.8503,0.3282,5.0568,-0.0112,458,1.1517,1.0791
Ward Research,375,15,no,no,0.1148,B/C,-0.3278,0.8,0.3333,5.8513,-1.5882,15,-1.3807,-0.3278
Landmark Communications/Rosetta Stone Communications,751,11,no,no,0.1168,B/C,1.0475,1,0,3.9636,-1.0297,8,4.97,1.0475
Middle Tennessee State University,208,5,yes,no,0.136,B/C,0.4257,1,0.6,9.296,1.6817,4,4.5875,0.4257
Civiqs,471,43,no,no,0.1414,B,2.8279,0.814,0.3488,5.2177,0.1255,39,4.4551,2.8279
University of Georgia,350,7,no,no,0.1433,B/C,0.0504,0.5714,0.2857,3.3729,-1.7089,7,0.2214,0.0504
Research 2000,281,278,no,yes,0.1456,F,1.1919,0.8813,0.2158,5.4651,-0.1097,248,1.4991,1.1919
Clarity Campaign Labs,52,16,no,no,0.1481,B/C,1.2307,0.4688,0.25,3.8625,-0.3945,16,3.1837,1.2307
Yankelovich Partners Inc.,390,7,yes,no,0.164,B/C,-0.0285,0.5,0.5714,10.1886,3.1605,3,-1.0733,-0.0285
Trafalgar Group,338,143,no,no,0.1766,B,-1.881,0.6783,0.2937,4.2944,0.1773,124,-2.207,-1.881
Wick,284,16,no,no,0.1794,B/C,-1.1946,0.625,0.25,4.1675,0.0101,16,-2.85,-1.1946
Keating Research,161,6,no,no,0.1916,B/C,0.1691,0.8333,0,2.1983,-2.2523,6,0.9583,0.1691
RMG Research,555,28,no,no,0.1969,B,3.2478,0.75,0.4643,5.9146,-0.0517,28,5.9146,3.2478
Ipsos,154,116,yes,no,0.1985,B,1.8926,0.6552,0.1983,4.6437,-0.128,109,2.3619,1.8926
co/efficient,514,24,no,no,0.2018,B,-2.6915,0.6875,0.4167,5.4933,-0.0733,24,-5.0083,-2.6915
Redfield & Wilton Strategies,562,45,yes,no,0.2075,B,2.2802,0.7444,0.2222,3.5544,-0.1312,45,3.23,2.2802
Starboard Communications,316,4,no,no,0.2146,B/C,0.2899,1,0,2.1625,-6.4488,3,2.8433,0.2899
Strategic National,318,4,no,no,0.2369,B/C,0.3429,0.375,0.25,3.025,-3.3434,4,2.655,0.3429
GBAO,109,14,no,no,0.239,B/C,1.3601,0.7857,0.2857,5.44,-0.2881,14,3.8657,1.3601
Big Village,37,107,no,no,0.2426,B,0.2194,0.7009,0.2617,5.6444,0.2686,75,0.3349,0.2194
Pasquines,552,4,no,no,0.2496,B/C,0.0588,1,0,5.37,-1.1613,1,1.0,0.0588
Ragnar Research Partners,517,3,no,no,0.2531,B/C,0.2446,1,0.3333,3.4,-3.159,3,1.9733,0.2446
RBI Strategies & Research,271,4,no,no,0.2608,B/C,0.2799,1,0,2.37,-2.1242,3,2.5167,0.2799
Impact Research,14,22,no,no,0.2654,B/C,1.3206,0.6136,0.3182,6.0727,0.0645,22,3.3318,1.3206
CVOTER,40,6,no,no,0.2702,B/C,-0.1886,1,0,1.865,-1.5419,6,-1.3217,-0.1886
Patriot Polling,732,22,no,no,0.2845,B,-0.4019,0.7273,0.1818,2.7532,-0.4911,22,-0.7441,-0.4019
Market Shares Corp.,187,25,no,no,0.2906,B/C,-0.8969,0.84,0.28,5.8308,-0.5631,22,-4.0909,-0.8969
Benenson Strategy Group,30,12,no,no,0.2914,B/C,1.0424,0.7083,0.25,6.1208,-0.4177,12,4.5792,1.0424
Spry Strategies,508,5,no,no,0.2926,B/C,-0.3523,0.8,0.8,9.554,-0.9248,2,-4.835,-0.3523
ROI Rocket,554,3,no,no,0.2937,B/C,,1,0.3333,2.65,-4.1623,0,,
Cardinal Point Analytics (CardinalGPS),591,3,no,no,0.2937,B/C,-0.2757,1,0,2.4867,-2.0996,3,-2.4867,-0.2757
Optimus Analytics,245,17,yes,no,0.2948,B/C,-0.4757,0.8235,0.5882,6.7982,1.3266,14,-1.5229,-0.4757
State Navigate,9050,2,no,no,0.3066,B/C,-0.2519,1,0,2.36,-4.7796,2,-2.36,-0.2519
University of South Alabama,361,9,no,no,0.311,B/C,-0.3297,1,0.1111,3.6889,-1.871,9,-2.9422,-0.3297
Lucid,175,25,no,no,0.3116,B/C,1.6664,0.88,0.32,4.1496,0.3607,25,3.7952,1.6664
Frederick Polls,108,8,no,no,0.3266,B/C,0.5504,0.5,0,3.6025,-0.8456,7,2.3429,0.5504
Axis Research,467,2,no,no,0.3274,B/C,-0.095,0.5,0,1.55,-5.7762,2,-0.95,-0.095
"Fabrizio, Lee & Associates/GBAO",796,2,no,no,0.3274,B/C,-0.11,1,0,1.1,-2.7542,2,-1.1,-0.11
Edgewater Research/My People Vote,530,3,no,no,0.3334,B/C,-0.0452,1,0,1.9533,-2.3688,2,-0.66,-0.0452
Kiley & Company,162,5,no,no,0.3353,B/C,0.3093,1,0.4,4.352,-1.7672,5,2.936,0.3093
University of Washington,364,9,no,no,0.3367,B/C,0.0423,1,0,3.6233,-1.6776,9,0.2789,0.0423
Maine People's Resource Center,180,14,no,no,0.3441,B/C,0.1034,0.9286,0.2143,5.7893,0.0091,12,0.4167,0.1034
RT Strategies,275,45,no,no,0.3462,B/C,0.8358,0.6667,0.3778,5.9004,0.3816,45,2.0702,0.8358
David Binder Research,578,3,no,no,0.3513,B/C,0.0734,0.3333,0.3333,4.2333,-1.4809,1,1.84,0.0734
Louisville Courier-Journal,174,10,no,no,0.3558,B/C,-0.1725,0.8,0.1,3.536,-1.6751,10,-1.514,-0.1725
Ogden & Fry,425,3,no,no,0.356,B/C,-0.01,1,0,2.5233,-3.426,2,-0.23,-0.01
Riley Research Associates,290,7,no,no,0.3588,B/C,-0.0557,1,0,2.6914,-2.4534,7,-0.62,-0.0557
Market Research Institute Inc.,186,11,no,no,0.3595,B/C,0.0769,1,0.2727,4.2009,-1.5847,11,0.6464,0.0769
BSP Research/Shaw & Company Research,728,2,no,no,0.3657,B/C,-0.0679,0.75,0,0.775,-4.0659,2,-0.775,-0.0679
Schoen Cooperman Research,301,2,no,no,0.3756,B/C,-0.0186,1,0,2.02,-4.3737,2,-0.22,-0.0186
Gravis Marketing/Kaplan Strategies,124,158,no,no,0.3794,B-,1.3018,0.712,0.3101,5.145,0.3706,129,1.5983,1.3018
Iowa State University,153,3,no,no,0.3897,B/C,,0.6667,0.3333,6.1133,-4.2381,0,,
DFM Research,69,10,no,no,0.3898,B/C,1.2201,0.75,0.4,6.441,-0.4755,10,5.441,1.2201
Tufts University,666,3,no,no,0.3934,B/C,0.3729,0.3333,0,2.9067,-1.7505,3,2.9067,0.3729
McKeon & Associates,202,3,no,no,0.3939,B/C,0.1473,0.6667,0.3333,2.91,-4.9229,2,3.03,0.1473
Financial Dynamics,95,15,no,no,0.394,B/C,-0.3382,1,0.0667,3.138,-0.6652,15,-1.6447,-0.3382
Latino Decisions,482,2,no,no,0.3996,B/C,0.1744,1,0,3.49,-3.903,1,4.37,0.1744
Alabama State University,8,4,no,no,0.4,B/C,,0.5,0.5,6.4025,-2.4488,0,,
Richard Day Research,287,11,no,no,0.4003,B/C,-0.3471,1,0.3636,5.5227,-0.8847,11,-2.9064,-0.3471
Tulchin Research,340,3,no,no,0.4006,B/C,-0.0642,0.6667,0,3.76,-2.5915,3,-0.84,-0.0642
Keating Research/OnSight Public Affairs/Melanson,455,3,no,no,0.4156,B/C,-0.0869,1,0,1.9333,-2.2023,3,-0.8133,-0.0869
BK Strategies,20,3,no,no,0.4269,B/C,0.3125,0.6667,0.6667,3.8033,-1.6366,3,3.6633,0.3125
University of New Orleans,358,13,no,no,0.4272,B/C,0.2677,0.9231,0.3077,5.5938,0.3177,12,1.0917,0.2677
Orion Strategies,246,4,no,no,0.4277,B/C,0.0808,1,0.25,3.205,-4.6439,3,1.5267,0.0808
Cherry Communications,49,8,no,no,0.4283,B/C,0.3564,0.6875,0.375,7.6475,0.2677,7,1.47,0.3564
Zogby Analytics,395,495,no,no,0.4319,B-,-0.5911,0.7758,0.3051,5.5248,0.4665,396,-0.6901,-0.5911
Winthrop University,386,3,yes,no,0.432,B/C,0.0031,1,0.6667,13.25,4.1035,1,0.14,0.0031
John Zogby Strategies,583,4,no,no,0.4328,B/C,0.3868,0.5,0,2.7075,-0.4936,4,2.3375,0.3868
GS Strategy Group,478,2,no,no,0.4348,B/C,-0.3349,1,0.5,5.12,-2.816,2,-5.12,-0.3349
DCCC,68,10,no,no,0.4353,B/C,1.597,0.45,0.3,6.965,0.1357,10,5.043,1.597
JMC Analytics,156,13,no,no,0.436,B/C,-0.6492,0.8846,0.1538,5.7031,0.4459,13,-2.1169,-0.6492
OpinionWorks,244,7,no,no,0.4362,B/C,-0.4816,0.9286,0.4286,6.4814,-0.0953,7,-2.8643,-0.4816
IVR Polls,146,4,no,no,0.4387,B/C,,1,0.25,4.065,-1.9569,0,,
Quantus Insights,859,9,no,no,0.4427,B/C,-1.0483,0.7778,0.3333,4.3578,0.1509,9,-3.0911,-1.0483
OnPoint,240,6,no,no,0.4447,B/C,0.0195,1,0,2.5717,-1.9727,6,0.235,0.0195
Focaldata,837,9,no,no,0.4461,B/C,1.3037,0.5,0.2222,3.9111,0.5287,9,3.9111,1.3037
MSR Group,178,6,no,no,0.4462,B/C,0.0802,1,0.1667,5.4167,-1.706,6,1.1767,0.0802
Marshall Marketing,196,4,no,no,0.4487,B/C,-0.1616,1,0,3.45,-1.9469,3,-3.0633,-0.1616
Google Consumer Surveys,122,24,yes,no,0.4493,B/C,-0.0756,0.9167,0.375,5.3375,1.6299,24,-0.1892,-0.0756
Southern Media & Opinion Research,310,7,no,no,0.4512,B/C,0.0728,1,0.2857,6.9429,-0.1623,7,0.4943,0.0728
Wiese Research Associates,382,7,no,no,0.4529,B/C,0.7429,1,0.4286,7.3343,-0.237,7,5.3857,0.7429
High Point University,139,5,yes,no,0.4538,B/C,0.0027,0.8,0.4,9.458,3.2533,2,0.095,0.0027
Master Image,200,2,no,no,0.4561,B/C,,1,0,0.95,-4.0398,0,,
Douglas Fulmer & Associates,82,2,no,no,0.4561,B/C,,1,0.5,5.045,-3.1037,0,,
Meeting Street Insights,204,5,no,no,0.4579,B/C,0.5458,0.4,0,4.12,-0.9676,4,4.06,0.5458
AYTM,635,4,no,no,0.4588,B/C,0.5167,0.75,0,3.625,-1.4364,4,3.625,0.5167
Global Strategy Group,118,26,no,no,0.4597,B/C,1.611,0.6538,0.2308,6.2888,0.5372,26,4.3365,1.611
Missouri State University,212,3,no,no,0.4612,B/C,0.2341,0.6667,0,4.3667,-2.982,3,4.1133,0.2341
Dan Jones & Associates,70,40,no,no,0.4622,B/C,0.7561,0.95,0.15,6.0762,0.7238,35,1.7989,0.7561
The Washington Post/George Mason University Schar School of Policy and Government,754,1,no,no,0.4628,B/C,-0.1894,1,0,3.36,-3.2524,1,-3.36,-0.1894
Northern Arizona University,234,4,no,no,0.4671,B/C,-0.1827,1,0.25,3.5825,-3.1753,4,-3.3225,-0.1827
Harris Insights & Analytics,133,193,no,no,0.4673,B-,-1.049,0.8264,0.4663,5.0222,0.4999,193,-1.2267,-1.049
MWR Strategies,617,2,no,no,0.4693,B/C,-0.0262,0.5,0,1.79,-1.4087,2,-0.39,-0.0262
PSB Research,250,19,no,no,0.4708,B/C,1.8895,0.6316,0.4211,7.7542,0.4736,19,6.9542,1.8895
Potomac Incorporated,256,8,no,no,0.4725,B/C,-0.2292,0.875,0.125,4.7337,-1.1472,6,-3.1383,-0.2292
Torchlight Strategies,745,1,no,no,0.4744,B/C,,1,0,0.9,-4.91,0,,
Gotham Polling & Analytics,878,1,no,no,0.4744,B/C,-0.1684,0,0,3.2,-4.2238,1,-3.2,-0.1684
M3 Strategies,838,1,no,no,0.4744,B/C,-0.1632,1,0,3.1,-2.0605,1,-3.1,-0.1632
Basswood Research,24,4,no,no,0.4753,B/C,-0.1587,0.75,0.5,8.0525,-0.911,2,-8.71,-0.1587
University of Wisconsin (Madison),365,8,yes,no,0.4779,B/C,0.5344,0.875,0.375,12.7788,4.6017,7,5.9943,0.5344
APC Research,4,2,no,no,0.4794,B/C,0.1291,1,0,2.53,-3.5628,2,2.53,0.1291
Voter/Consumer Research,371,8,no,no,0.4831,B/C,-0.0729,1,0.375,4.9662,-1.4964,8,-0.5788,-0.0729
CJ&N,63,3,no,no,0.4849,B/C,0.0703,1,0.3333,4.4467,-1.8196,1,3.25,0.0703
Stetson University,730,4,no,no,0.4871,B/C,1.3666,1,0.5,7.9275,-0.7022,4,7.9275,1.3666
El Nuevo D√É¬≠a/The Research Office,599,4,no,no,0.4877,B/C,,0.75,0.25,4.1175,0.1965,0,,
Moore Information Group,217,18,no,no,0.492,B/C,-1.5558,0.6389,0.2222,6.6906,0.5679,18,-3.9294,-1.5558
Fabrizio Lee & Associates/Impact Research,694,1,no,no,0.4955,B/C,0.0312,1,0,0.68,-3.0076,1,0.68,0.0312
Ethridge & Associates LLC,89,6,no,no,0.4956,B/C,-0.0425,0.8333,0,2.6667,-2.5592,6,-0.7133,-0.0425
CWS Research,697,1,no,no,0.4962,B/C,-0.0046,1,0,0.1,-3.0678,1,-0.1,-0.0046
MFour Mobile Research,177,2,no,no,0.4999,B/C,-0.1258,1,0.5,2.83,-4.0148,2,-2.83,-0.1258
The Tyson Group,334,14,no,no,0.5001,B/C,0.0853,0.8929,0.1429,4.5243,0.2491,12,0.4617,0.0853
Big Ten,31,10,no,no,0.5016,B/C,0.6276,1,0.2,4.687,0.1843,10,4.235,0.6276
Montana State University Billings,216,11,no,no,0.5038,B/C,1.6173,0.5909,0.3636,6.64,0.028,11,6.2345,1.6173
Slingshot Strategies,451,2,no,no,0.506,B/C,0.351,1,0.5,4.845,-0.5649,2,4.445,0.351
Market Decisions Research,184,4,no,no,0.5062,B/C,-0.0527,1,0.25,4.6675,-1.9293,4,-0.9525,-0.0527
Big Data Poll,251,6,no,yes,0.5079,F,-0.3428,0.5,0.3333,3.865,0.4661,5,-2.278,-0.3428
University of Massachusetts (Amherst),354,11,no,no,0.5116,B/C,-0.1168,1,0.3636,6.5473,-0.2013,2,-6.115,-0.1168
Park Street Strategies,534,1,no,no,0.514,B/C,,1,0,2.43,-3.1369,0,,
Data Targeting,406,1,no,no,0.514,B/C,-0.1596,1,0,4,-3.1269,1,-4,-0.1596
NewsNation,696,1,no,no,0.5141,B/C,0.0665,1,0,1.45,-2.0626,1,1.45,0.0665
American Viewpoint,10,9,no,no,0.5142,B/C,-0.5359,0.6111,0.1111,5.5444,0.5204,8,-3.5575,-0.5359
Blumenthal Research Daily,447,2,no,yes,0.5144,F,-0.1204,1,0,2.465,-2.3203,2,-1.795,-0.1204
Magellan Strategies,179,18,no,no,0.5147,B/C,-0.3835,0.9444,0.3333,6.2839,0.7445,11,-1.7609,-0.3835
Braun Research,33,6,no,no,0.52,B/C,0.9093,1,0.5,6.5383,0.0625,6,6.5383,0.9093
Virginia Commonwealth University,370,8,no,no,0.5224,B/C,0.0531,0.875,0.125,4.5025,-0.2779,8,0.255,0.0531
Bendixen & Amandi International,29,2,no,no,0.5234,B/C,0.0875,1,0,3.025,-0.8507,2,1.495,0.0875
Strategic Research Associates,462,5,no,no,0.5272,B/C,0.298,0.8,0.2,5.036,0.0187,5,1.956,0.298
Global Strategy Group/National Research (Philadelphia Inquirer),119,4,no,no,0.5282,B/C,-0.2279,1,0.25,2.9825,-2.1246,4,-2.6775,-0.2279
Mason Strategies,464,1,no,no,0.5301,B/C,0.0656,1,0,1.89,-4.9673,1,1.89,0.0656
1892 Polling,461,1,no,no,0.5301,B/C,-0.0208,1,0,0.6,-3.2068,1,-0.6,-0.0208
Rethink Priorities,672,2,no,yes,0.5313,F,0.2916,1,0.5,3.8,-0.2846,2,3.8,0.2916
Pacific Market Research,459,2,no,no,0.5323,B/C,-0.5017,1,0.5,7.48,-0.4693,2,-7.48,-0.5017
Targoz Market Research,454,26,yes,no,0.5328,B-,1.3138,0.6923,0.3846,5.8642,1.3928,26,2.4558,1.3138
Scripps Howard,303,5,no,no,0.5364,B/C,-0.1064,1,0.4,4.79,-1.467,5,-2.154,-0.1064
The Polling Company Inc./National Research Inc.,644,1,no,no,0.5374,B/C,-0.086,0,0,2.66,-4.362,1,-2.66,-0.086
CSP Polling,39,1,no,yes,0.5374,F,0.0828,1,0,2.56,-2.9885,1,2.56,0.0828
Forward Strategies,102,2,no,no,0.5379,B/C,0.0505,1,0,1.305,-2.3864,2,1.305,0.0505
National Public Affairs,768,1,no,no,0.5379,B/C,0.0105,1,0,0.2,-2.4065,1,0.2,0.0105
Personal Marketing Research,252,3,no,no,0.5382,B/C,,0.6667,0.3333,5.4533,-2.2401,0,,
University of Houston,351,1,no,no,0.5442,B/C,,1,0,2.19,-7.9909,0,,
Targeted Persuasion,579,1,no,no,0.5442,B/C,,1,0,0.94,-5.9563,0,,
Singularis Group,306,1,no,no,0.5442,B/C,-0.0241,1,0,0.8,-3.4406,1,-0.8,-0.0241
IMGE Insights,145,2,no,no,0.5455,B/C,-0.4029,1,0.5,6.43,-0.3698,2,-6.43,-0.4029
KG Polling,502,2,no,yes,0.5471,F,0.1455,1,0,2.17,-1.823,2,2.17,0.1455
"Drake Research & Strategy, Inc.",329,8,no,no,0.5481,B/C,-0.0064,0.375,0.25,6.7663,-0.1485,8,-0.0838,-0.0064
Purple Strategies,265,4,no,no,0.551,B/C,-0.2568,0.875,0,3.0175,-1.2087,4,-3.0175,-0.2568
University of Wisconsin-Milwaukee,366,3,no,no,0.5513,B/C,-0.0451,1,0,1.62,-6.0141,3,-1.62,-0.0451
Jim Meader (KELOLAND-TV),159,4,no,no,0.553,B/C,0.1914,1,0.25,4.575,-0.9232,4,4.575,0.1914
Columbus Dispatch,57,22,no,no,0.5543,B/C,0.7984,0.9318,0.4545,5.3982,0.8246,17,2.9653,0.7984
Washington College,735,1,no,no,0.5547,B/C,0.2302,1,0,5.02,-0.7081,1,5.02,0.2302
Richmond Times-Dispatch,288,4,no,no,0.555,B/C,0.1222,1,0,3.3225,-1.0433,4,2.9225,0.1222
Behavior Research Center (Rocky Mountain Poll),27,7,no,no,0.5559,B/C,0.3354,1,0.2857,5.2814,-0.4894,6,5.2983,0.3354
University of Southern California,343,13,yes,no,0.5559,B/C,1.2671,0.8462,0.7692,5.6138,2.1513,13,3.7246,1.2671
Mercyhurst University,422,1,no,no,0.5565,B/C,-0.0194,1,0,0.74,-5.8513,1,-0.74,-0.0194
Odney,524,1,no,no,0.5565,B/C,0.0547,1,0,2.09,-5.5941,1,2.09,0.0547
Montgomery Research,877,1,no,no,0.557,B/C,-0.2421,1,0,4.6,-0.4318,1,-4.6,-0.2421
Remington Research Group,279,55,no,no,0.5573,B-,1.2821,0.7273,0.4,5.2135,0.7417,54,1.9096,1.2821
Thirty-Ninth Street Strategies,460,1,no,no,0.5575,B/C,-0.0704,0,0,2.03,-3.7914,1,-2.03,-0.0704
University of Tennessee,362,2,no,no,0.5591,B/C,-0.0693,1,0,2.73,-4.7506,2,-2.73,-0.0693
Diamond State Consulting Group,78,1,no,no,0.56,B/C,0.099,1,0,3.78,-2.2858,1,3.78,0.099
GreatBlue Research,748,2,no,no,0.5608,B/C,-0.0228,0.5,0,5.245,0.038,2,-0.315,-0.0228
Market Solutions Group,188,4,no,no,0.5634,B/C,-0.0027,1,0.25,4.3675,-0.9248,2,-0.125,-0.0027
Frank N. Magid Associates Inc.,105,5,no,no,0.5645,B/C,0.3368,0.8,0.4,6.322,-0.4821,5,6.322,0.3368
Reconnect Research/Probolsky Research,651,2,no,no,0.5647,B/C,-0.1266,0.5,0,1.65,-1.8633,2,-1.65,-0.1266
Myers Research & Strategic Services,319,2,no,no,0.566,B/C,0.1057,0.5,0,4.185,-1.7363,2,4.185,0.1057
University of New Hampshire,357,150,yes,no,0.5665,B-,2.0455,0.87,0.2733,5.9525,0.5786,132,2.4963,2.0455
Garin-Hart-Yang/Global Strategy Group,412,1,no,no,0.5673,B/C,-0.02,1,0,0.88,-3.0278,1,-0.88,-0.02
Valley Research,368,8,no,no,0.5676,B/C,0.3192,0.875,0.125,5.0562,0.1592,8,3.5688,0.3192
Quest Research Group,285,5,no,no,0.568,B/C,-0.1008,1,0.2,6.07,-0.4009,4,-1.545,-0.1008
West Chester University,377,7,no,no,0.5688,B/C,0.0817,1,0.1429,5.1957,-0.5234,7,0.9871,0.0817
Manhattanville College,181,3,no,no,0.5695,B/C,-0.129,1,0.3333,6.2467,-1.524,2,-8.19,-0.129
The Polling Company Inc.,337,7,no,no,0.5698,B/C,-0.8467,0.7143,0.5714,6.2643,0.7144,7,-4.8443,-0.8467
DHM Research,76,14,no,no,0.5701,B/C,-0.0728,0.8571,0.0714,4.4043,0.2352,12,-0.375,-0.0728
The Citadel,832,3,no,no,0.5719,B/C,0.3,1,0.6667,6.2433,0.5071,2,3,0.3
Franklin Pierce University,107,17,no,no,0.5721,B/C,0.5828,0.8529,0.5294,6.7276,0.6178,12,4.4775,0.5828
Seven Letter Insight,661,1,no,no,0.5735,B/C,0.116,1,0,2.53,-0.4739,1,2.53,0.116
JMC Analytics/Bold Blue Campaigns,503,5,no,no,0.574,B/C,-0.8421,0.8,0.2,6.716,0.6853,5,-5.528,-0.8421
Baruch College Survey Research,22,2,no,no,0.5753,B/C,,1,0,5.49,0.0363,0,,
Crantford Research,62,1,no,no,0.5766,B/C,0.0489,1,0,2.48,-3.7438,1,2.48,0.0489
Rivercity Polling,291,1,no,no,0.5766,B/C,-0.1315,1,0,6.67,-3.3623,1,-6.67,-0.1315
Lincoln Institute,170,2,no,no,0.5785,B/C,-0.0789,0.75,0,4.13,-3.521,2,-4.13,-0.0789
Centre College,47,1,no,no,0.5812,B/C,0.1158,1,0,3.84,-1.1236,1,3.84,0.1158
Victory Research,437,11,no,no,0.5816,B/C,0.2568,0.9091,0.3636,6.01,0.8728,10,1.0,0.2568
Florida International University/Univision,98,1,no,no,0.5847,B/C,0.0308,1,0,1.8,-7.3139,1,1.8,0.0308
Penta,576,1,no,no,0.5854,B/C,-0.1307,1,0,5.75,-2.5891,1,-5.75,-0.1307
Becker Institute,26,5,no,no,0.5896,B/C,0.2688,0.8,0.4,7.658,0.1628,5,5.242,0.2688
War Room Logistics,374,1,no,no,0.5906,B/C,,1,1,4.47,-0.972,0,,
Zimmerman & Associates/Marketing Intelligence,394,3,no,no,0.591,B/C,0.1471,1,0,4.6767,-0.6455,3,3.23,0.1471
Cromer Group,65,1,no,no,0.5969,B/C,-0.0583,1,0,3.93,-1.6527,1,-3.93,-0.0583
Canisius College,43,1,no,no,0.5979,B/C,,1,0,0.05,-6.4446,0,,
Central Surveys Inc.,46,1,no,no,0.5979,B/C,0.0215,0,0,1.67,-2.8839,1,1.67,0.0215
Morningside College,536,1,no,no,0.5991,B/C,,0,0,6.43,-0.9509,0,,
OurProgress (The Progress Campaign),561,1,no,yes,0.5998,F,,1,1,9.59,0.1507,0,,
BIGresearch,19,1,no,no,0.6007,B/C,-0.0226,1,0,1.89,-2.734,1,-1.89,-0.0226
Wood Communications Group,388,1,no,no,0.6007,B/C,0.0166,1,0,0.84,-4.0604,1,0.84,0.0166
Escalent,189,1,no,no,0.6033,B/C,-0.0125,1,0,1.12,-4.7231,1,-1.12,-0.0125
Cooper & Secrest,60,1,no,no,0.6033,B/C,-0.0294,0,0,2.64,-4.2008,1,-2.64,-0.0294
Analytical Group,11,1,no,no,0.606,B/C,0.0449,1,0,4.03,-1.7549,1,4.03,0.0449
Minneapolis Star Tribune,315,14,no,no,0.6061,B/C,0.6161,0.5714,0.4286,5.3336,0.89,12,4.4158,0.6161
Rossman Group,294,1,no,no,0.6075,B/C,0.083,1,0,4.21,-0.4317,1,4.21,0.083
Dynamics Marketing,83,1,no,no,0.6079,B/C,0.0291,1,0,3.02,-5.4982,1,3.02,0.0291
Vox Populi Communications,529,1,no,no,0.6079,B/C,,1,0,3.52,-3.7589,0,,
Diversified Research Inc,80,1,no,no,0.6079,B/C,-0.0481,1,0,4.99,-2.7627,1,-4.99,-0.0481
QEV Analytics,266,1,no,no,0.611,B/C,,0,0,6.37,-2.2587,0,,
Wick Communications,381,1,no,no,0.6118,B/C,0.0419,1,0,2.83,-1.8422,1,2.83,0.0419
"Lauer, Lalley, Victoria",168,1,no,no,0.6119,B/C,-0.0138,1,0,1.65,-5.0089,1,-1.65,-0.0138
Southeastern Louisiana University,309,8,no,no,0.6129,B/C,0.074,0.875,0.375,6.5738,0.8614,8,0.7212,0.074
Market Trends Pacific,190,1,no,no,0.6136,B/C,0.0506,0.5,0,4.55,-1.066,1,4.55,0.0506
CallFire,42,4,no,no,0.6144,B/C,-0.336,0.75,0,3.9475,-0.1531,4,-3.9475,-0.336
HighGround Inc.,416,6,no,no,0.6153,B/C,-0.0945,0.6667,0,4.39,-0.767,6,-0.4233,-0.0945
Triumph Campaigns,339,1,no,no,0.6166,B/C,-0.1186,1,0,4.22,0.3487,1,-4.22,-0.1186
Neighborhood Research and Media,227,3,no,no,0.6179,B/C,-0.0449,0.3333,0.6667,6.9733,0.868,1,-3.42,-0.0449
Paradigm,881,2,no,no,0.6191,B/C,0.365,0,0,3.65,-0.6738,2,3.65,0.365
20/20 Insight,1,8,no,no,0.6211,B/C,0.4068,0.625,0.25,10.15,1.0116,5,2.938,0.4068
Victoria Research & Consulting,369,1,no,no,0.6222,B/C,0.1035,0.5,0,8.06,-0.1099,1,8.06,0.1035
Jorge Ben√É¬≠tez,600,4,no,no,0.6251,B/C,,0.5,0,5.13,1.0147,0,,
Strategy Research,322,2,no,no,0.6254,B/C,-0.386,0,1,6.16,0.9059,2,-6.16,-0.386
Iona University,152,1,no,no,0.6257,B/C,0.086,1,0,4.36,-1.7691,1,4.36,0.086
ASA Marketing Group,5,1,no,no,0.6262,B/C,0.0821,1,0,5.54,0.3239,1,5.54,0.0821
Dartmouth College,72,3,no,no,0.6269,B/C,,1,0.3333,9.2967,0.7182,0,,
African American Research Collaborative,733,1,no,no,0.6275,B/C,0.1229,0.5,1,2.68,0.8801,1,2.68,0.1229
New Mexico State University,230,1,no,no,0.628,B/C,,0,0,7.15,0.5323,0,,
NRECA Market Research,223,1,no,no,0.6283,B/C,0.0523,1,0,6.27,-0.0315,1,6.27,0.0523
TargetSmart,332,3,no,no,0.6288,B/C,0.455,0.6667,0.3333,5.3333,0.7945,3,5.3333,0.455
Probolsky Research,259,3,no,no,0.6291,B/C,-0.5265,0.6667,0.3333,6.96,1.0082,2,-9.13,-0.5265
Clarus Research Group,53,3,no,no,0.6306,B/C,0.2322,1,0.3333,6.78,0.9772,3,4.06,0.2322
Beacon Research,545,5,no,no,0.6324,B/C,,1,0.6,6.798,1.0759,0,,
Old Dominion University,238,1,no,no,0.6352,B/C,0.109,1,0,4.47,-1.7844,1,4.47,0.109
West Virginia Research Center,378,2,no,no,0.6356,B/C,0.1232,0.5,0.5,6.45,0.9701,2,6.45,0.1232
Deltapoll,883,1,no,no,0.636,B/C,0.2368,0,1,4.5,1.0555,1,4.5,0.2368
Rice University,286,2,no,no,0.6366,B/C,0.1301,1,0,5.91,-0.2452,2,5.91,0.1301
Alloy Analytics,734,1,no,no,0.6371,B/C,-0.2141,0,0,4.67,0.0337,1,-4.67,-0.2141
Illinois Wesleyan University,147,3,no,no,0.6377,B/C,-0.2492,1,0.3333,8.1733,0.8516,3,-8.1733,-0.2492
Multi-Quest International,220,4,no,no,0.6385,B/C,-0.0033,0.75,0.25,5.3925,0.5454,3,-0.0433,-0.0033
Independent Market Research,148,2,no,no,0.6392,B/C,0.0879,1,0.5,5.755,0.9648,2,5.305,0.0879
Dixie Strategies,81,11,no,no,0.6395,B/C,-0.8973,0.9545,0.5455,6.5918,1.1102,8,-4.0213,-0.8973
Aspen Media & Market Research,17,3,no,no,0.6427,B/C,-0.0039,1,0.6667,7.4367,1.2174,3,-0.09,-0.0039
Marketing Research Institute,192,1,no,no,0.6437,B/C,-0.0824,0,1,7.4,1.6361,1,-7.4,-0.0824
The Florida Poll,99,5,no,no,0.6439,B/C,0.2061,0.6,0,4.614,0.6244,5,3.074,0.2061
Dynata,283,2,no,no,0.6449,B/C,,1,1,9.37,1.2254,0,,
Merrill Poll,206,2,no,no,0.645,B/C,,1,0.5,8.72,1.2267,0,,
SmithJohnson Opinion Research,367,1,no,no,0.6465,B/C,-0.1457,1,0,8.52,1.6099,1,-8.52,-0.1457
Global Strategy Group/GBAO (Navigator Research),413,4,no,no,0.647,B/C,0.8239,0.5,0,5.17,0.46,4,5.17,0.8239
Harper Polling/Clarity Campaign Labs,513,1,no,no,0.651,B/C,0.2601,0,0,6.99,1.4574,1,6.99,0.2601
TMR Research,328,2,no,no,0.6548,B/C,0.1304,0,0.5,7.875,2.1315,2,7.875,0.1304
CrossTarget,66,2,no,no,0.6551,B/C,-0.2989,1,0.5,7.73,1.551,2,-7.73,-0.2989
Hellenthal & Associates,137,5,no,no,0.6565,B/C,0.2895,0.4,0.4,8.066,1.2772,3,4.3,0.2895
Howey Politics/DePauw University,142,7,no,no,0.6601,B/C,0.0654,0.5714,0.2857,6.7429,1.2826,6,0.58,0.0654
A&A Research,2,1,no,no,0.6607,B/C,-0.1117,0,1,10.04,3.1621,1,-10.04,-0.1117
Decision Forecasting,77,3,no,no,0.6616,B/C,-0.0401,1,0.6667,8.0933,1.4934,3,-1.4133,-0.0401
Premise,709,1,no,no,0.6616,B/C,0.2146,0,0,4.68,1.6238,1,4.68,0.2146
Feldman Group,93,2,no,no,0.6627,B/C,0.1553,0.5,0.5,6.68,-0.225,2,4.12,0.1553
Data for Progress,522,114,no,no,0.6653,C+,1.5929,0.7588,0.3684,5.7976,0.5553,83,2.0022,1.5929
American Pulse Research & Polling,836,2,no,no,0.6697,B/C,0.405,0,0,4.05,0.2885,2,4.05,0.405
"California State University, Bakersfield",41,1,no,no,0.6699,B/C,-0.0951,0,1,9.86,4.4348,1,-9.86,-0.0951
Southern Opinion Research,311,2,no,no,0.6708,B/C,0.0146,1,0.5,8.5,2.4042,2,0.88,0.0146
Sky Research,665,1,no,no,0.671,B/C,-0.2834,0,1,8.76,2.131,1,-8.76,-0.2834
University of Nevada Las Vegas,356,1,no,no,0.6711,B/C,,1,1,8.67,2.5699,0,,
St. Pete Polls,314,31,no,no,0.6729,C+,0.6874,0.6129,0.4194,5.5184,1.0847,30,1.2753,0.6874
Detroit Free Press,663,1,no,no,0.673,B/C,0.0999,1,1,8.98,2.2693,1,8.98,0.0999
University of Illinois at Chicago,352,1,no,no,0.6738,B/C,-0.1176,1,1,14.09,5.4124,1,-14.09,-0.1176
Southern Research Group,649,1,no,no,0.6751,B/C,0.093,0,1,7.78,4.2253,1,7.78,0.093
Great Lakes Strategies Group,125,1,no,no,0.6803,B/C,-0.1485,0,1,7.53,3.2576,1,-7.53,-0.1485
Swayable,543,89,yes,no,0.6807,C+,3.7963,0.8876,0.2472,7.2489,0.903,68,5.1397,3.7963
University of North Carolina,359,1,no,no,0.6809,B/C,0.1554,0,1,12.1,4.4581,1,12.1,0.1554
Tulsa Surveys,341,1,no,no,0.6815,B/C,-0.0994,1,1,11.9,6.344,1,-11.9,-0.0994
Public Strategies Inc.,264,6,no,no,0.6818,B/C,,1,0.3333,7.8933,1.5698,0,,
Abacus Associates,6,2,no,no,0.6819,B/C,0.1254,0.5,0.5,8.06,2.3772,2,3.62,0.1254
MarketAide Services Inc.,191,1,no,no,0.6825,B/C,0.1249,1,1,11.22,5.1217,1,11.22,0.1249
Kimball Political Consulting,163,6,no,no,0.6838,B/C,-0.7722,0.8333,0.5,6.3067,1.4791,6,-6.3067,-0.7722
Liberty Opinion Research,169,1,no,no,0.6839,B/C,,1,1,6.08,2.1168,0,,
MarblePort,182,2,no,no,0.684,B/C,-0.3037,1,1,5.555,1.9495,2,-5.555,-0.3037
Opinion Consultants,241,2,no,no,0.6865,B/C,-0.1932,1,0.5,6.615,0.9859,2,-6.615,-0.1932
Forman Center,100,2,no,no,0.6881,B/C,0.1822,1,0.5,11.005,4.1388,2,11.005,0.1822
SocialSphere,307,2,no,no,0.6884,B/C,-0.3133,1,0,6.14,2.0948,2,-6.14,-0.3133
TeleResearch Corporation,335,1,no,no,0.6894,B/C,,1,1,8.88,4.1201,0,,
Hill Research Consultants,140,6,no,no,0.6896,B/C,-0.1379,0.6667,0.3333,5.9667,1.4555,5,-3.702,-0.1379
Arthur J. Finkelstein & Associates,16,1,no,no,0.6899,B/C,-0.1521,0,1,13.67,5.786,1,-13.67,-0.1521
Bannon Communications Research,21,2,no,no,0.6904,B/C,0.2476,1,0.5,10.395,3.3119,2,10.395,0.2476
Hays Research Group,136,9,no,no,0.6911,B/C,0.7376,0.7778,0.4444,7.94,1.4806,5,10.54,0.7376
"Normington, Petts & Associates",232,12,no,no,0.6922,B/C,0.6904,0.5833,0.5,7.5533,1.2622,12,3.2667,0.6904
SMS Research & Marketing Services,296,1,no,no,0.6934,B/C,-0.1252,0,1,9.75,2.5536,1,-9.75,-0.1252
Patinkin Research Strategies,490,4,no,no,0.6934,B/C,0.7606,1,0,4.9825,1.1898,4,4.9825,0.7606
Baselice & Associates,23,2,no,no,0.6952,B/C,0.2292,1,0.5,10.03,3.4898,2,10.03,0.2292
GaPundit.com,111,2,no,no,0.696,B/C,0.4213,0.25,1,8.255,2.244,2,8.255,0.4213
Zata3,392,2,no,no,0.6971,B/C,-0.1528,1,0.5,10.17,2.638,2,-3.95,-0.1528
Castleton University,45,3,no,no,0.698,B/C,,1,0.3333,9.95,1.8575,0,,
Glover Park Group,120,1,no,no,0.702,B/C,-0.2582,0,1,11.36,3.9299,1,-11.36,-0.2582
Ed Renwick/Loyola University New Orleans,85,10,no,no,0.7083,B/C,0.6952,0.8,0.4,7.854,1.6671,9,6.1733,0.6952
Hoffman Research Group,141,3,no,no,0.711,B/C,-0.5544,0.6667,0,5.34,0.3495,3,-5.34,-0.5544
A2 Insights,9051,2,no,no,0.713,B/C,-0.8943,1,1,8.38,0.8699,2,-8.38,-0.8943
Auburn University,588,2,no,no,0.7157,B/C,0.6078,1,0.5,7.92,2.1194,2,7.92,0.6078
LIT Data,884,4,no,no,0.7161,B/C,,1,0.5,6.9125,1.5343,0,,
Jeffrey Stonecash,158,1,no,no,0.7184,B/C,-0.1693,1,1,11.42,6.5391,1,-11.42,-0.1693
Lycoming College Polling Institute,176,3,no,no,0.7203,B/C,0.3676,0.6667,0.3333,7.2667,1.5794,3,7.2667,0.3676
PSI,248,3,no,no,0.7232,B/C,-0.032,0.6667,0.6667,11.74,3.3152,1,-3.32,-0.032
Ohio University,237,2,no,no,0.7237,B/C,0.2636,0.5,0.5,8.755,3.9557,2,8.755,0.2636
The Kitchens Group,664,1,no,no,0.7247,B/C,0.1946,0,1,11.38,6.1869,1,11.38,0.1946
Neighbor,226,1,no,no,0.7255,B/C,-0.1427,1,1,17.09,11.6097,1,-17.09,-0.1427
Lester & Associates,293,1,no,no,0.727,B/C,,1,1,18.93,4.9955,0,,
Rainmaker Media Group,276,1,no,no,0.7288,B/C,0.2072,1,1,12.12,6.4263,1,12.12,0.2072
Cometrends,631,1,no,no,0.7291,B/C,0.3008,1,1,7.54,3.3915,1,7.54,0.3008
Lauer Johnson Research,167,1,no,no,0.7318,B/C,0.2049,0,1,13.82,7.4449,1,13.82,0.2049
brilliant corners Research & Strategies,564,1,no,no,0.7324,B/C,0.49,0,1,12.28,3.4758,1,12.28,0.49
Gonzales Research & Marketing Strategies Inc.,121,10,no,no,0.7332,B/C,-0.5109,0.8,0.4,6.568,1.4104,9,-2.8011,-0.5109
Consumer Logic,59,2,no,no,0.7333,B/C,0.2317,0.5,0.5,10.21,4.7229,2,10.21,0.2317
Gazette Communications,640,2,no,no,0.735,B/C,0.1774,1,0.5,8.06,4.1263,2,8.06,0.1774
University of Colorado (Boulder),580,2,no,no,0.7364,B/C,0.3931,1,0.5,6.715,2.7875,2,6.715,0.3931
Morning Consult,218,114,no,no,0.738,C+,3.3696,0.6316,0.5439,4.4194,0.8426,114,3.9922,3.3696
Overtime Politics,247,12,no,yes,0.7386,F,,0.6667,0.4167,9.7983,1.4748,0,,
St. Cloud State University,312,17,no,no,0.7407,B/C,1.5348,0.7647,0.4118,6.8441,1.4012,16,4.4537,1.5348
University of Texas at Tyler,458,10,no,no,0.7413,B/C,0.7693,0.8,0.6,7.237,1.361,7,3.1686,0.7693
Minnesota State University,211,4,no,no,0.7427,B/C,0.353,1,0.75,9.205,3.2231,4,7.135,0.353
Change Research,48,115,yes,no,0.7441,C+,2.6815,0.7478,0.3391,6.2983,0.8042,105,3.337,2.6815
Y2 Analytics,389,8,no,no,0.7468,B/C,1.0822,1,0.5,8.0463,1.2361,7,5.09,1.0822
Data West Polling,74,2,no,no,0.7484,B/C,0.2883,0.5,1,13.095,6.1281,2,13.095,0.2883
Univision/Latino Decisions/North Star Opinion Research,516,7,no,no,0.749,B/C,1.0565,0.7143,0.2857,6.07,0.7235,6,5.2933,1.0565
WCIA-TV,373,2,no,no,0.7508,B/C,-0.3024,1,1,18.26,7.9293,2,-18.26,-0.3024
Datamar Analytics,75,8,no,no,0.753,B/C,-0.2077,0.6875,0.375,6.2912,2.0723,5,-2.774,-0.2077
New Frontier Strategy,229,2,no,no,0.7547,B/C,,0.5,1,14.05,3.7345,0,,
University of Alabama at Birmingham,344,2,no,no,0.7551,B/C,-0.2642,1,1,12,6.4336,2,-12,-0.2642
Nelson Research,703,1,no,no,0.7563,B/C,-0.2898,0,0,6.32,2.7425,1,-6.32,-0.2898
Bold Decision,686,1,no,no,0.7584,B/C,0.3943,1,1,8.6,3.7343,1,8.6,0.3943
VCreek/AMG,501,1,no,no,0.7598,B/C,0.3136,1,1,7.86,1.6145,1,7.86,0.3136
Digital Research,64,21,no,no,0.7602,B/C,0.0957,0.9048,0.381,8.1748,1.518,19,0.3537,0.0957
Hickman Analytics,415,1,no,no,0.7639,B/C,0.3379,0,1,9.08,4.4936,1,9.08,0.3379
Hunt Research,870,1,no,no,0.764,B/C,0.3974,1,1,7.55,0.9703,1,7.55,0.3974
EMC Research,130,15,no,no,0.7653,B/C,1.1126,0.6333,0.2667,6.2193,1.3431,13,5.1715,1.1126
Saguaro Strategies,298,2,no,no,0.7719,B/C,0.2956,0,1,5.05,2.502,2,5.05,0.2956
Open Model Project,629,2,no,no,0.7744,B/C,-0.4336,0,1,5.65,2.8832,2,-5.65,-0.4336
Consultor√É¬≠a Acad√É¬©mica e Investigaci√É¬≥n Social LLC,885,2,no,no,0.7744,B/C,,0.5,0.5,9,2.4697,0,,
RMS Research,273,3,no,no,0.7745,B/C,0.253,1,0.3333,11.1233,5.23,3,8.0633,0.253
East Tennessee State University,456,2,no,no,0.7784,B/C,0.664,0.75,1,9.9,3.2003,2,9.9,0.664
Colby College,593,6,no,no,0.7803,B/C,1.585,0.6667,0.5,8.3083,1.818,6,7.9417,1.585
Victory Insights,673,9,no,no,0.7805,B/C,0.9605,1,0.2222,6.1944,0.4416,9,2.9633,0.9605
Opinium,559,2,no,no,0.7963,B/C,0.5564,1,1,7.25,3.1696,2,7.25,0.5564
Thomas Partners Strategies/Optimus,758,2,no,no,0.7976,B/C,-0.7344,1,1,10.95,3.486,2,-10.95,-0.7344
SSRS,297,47,yes,no,0.7978,C+,2.7768,0.617,0.2766,5.1821,0.9313,45,4.1156,2.7768
Zia Poll,393,4,no,no,0.7981,B/C,-0.6469,0.75,0.5,5.36,2.4317,4,-5.36,-0.6469
Global Marketing Research Services,621,1,no,no,0.7982,B/C,0.3806,1,1,9.54,5.1239,1,9.54,0.3806
Capital Survey Research Center,44,13,no,no,0.8017,B/C,0.0231,0.3462,0.6154,9.7369,1.956,4,0.6,0.0231
The Justice Collaborative Institute,630,2,no,no,0.818,B/C,0.5122,1,0.5,6.675,3.4099,2,6.675,0.5122
Baydoun Consulting,25,6,no,no,0.823,B/C,-0.7462,0.8333,0.6667,6.845,2.6162,4,-8.7675,-0.7462
Arizona State University,15,8,no,no,0.8301,B/C,0.4264,1,0.5,8.2275,2.3732,6,5.8333,0.4264
Bluegrass Community and Technical College,632,2,no,no,0.8322,B/C,0.8391,1,0.5,10.935,0.4984,2,10.935,0.8391
Marketing Resource Group (MRG),193,10,no,no,0.835,B/C,0.2524,0.3,0.7,9.831,1.4289,6,1.7,0.2524
Victory Enterprises,525,1,no,no,0.8435,B/C,-0.3945,0,1,17.36,10.1549,1,-17.36,-0.3945
Phillips Academy,699,7,no,no,0.8436,B/C,-0.8892,0.5714,0.4286,5.5443,1.9213,7,-3.5329,-0.8892
GCR & Associates,110,1,no,no,0.8444,B/C,,1,1,18.3,10.1955,0,,
Clout Research,55,16,no,no,0.8484,B/C,-1.558,0.5625,0.4375,6.7631,1.8235,15,-5.708,-1.558
Brandwatch Qriously,610,3,no,no,0.8512,B/C,0.725,1,1,6.54,3.0292,3,6.54,0.725
Schapiro Group,300,2,no,no,0.8614,B/C,,0.5,0.5,21.495,7.1404,0,,
Millersville University,210,5,no,no,0.8642,B/C,-0.4764,0.8,0.8,14.156,6.0336,5,-10.372,-0.4764
Miami Univerity,886,2,no,no,0.8657,B/C,0.69,0.5,0.5,6.9,3.3592,2,6.9,0.69
Hampton University,131,4,no,no,0.8707,B/C,-0.6297,0.5,0.5,7.53,3.2469,4,-5.795,-0.6297
Bainbridge Media Group,656,1,no,no,0.8761,B/C,0.3622,1,1,21.18,15.0379,1,21.18,0.3622
Massie & Associates,199,2,no,no,0.8917,B/C,-0.3969,0,1,23.97,16.4346,2,-23.97,-0.3969
Loras College,171,18,no,no,0.8958,B/C,1.2705,0.7222,0.3333,8.14,1.301,14,4.3957,1.2705
University of Iowa,353,3,no,no,0.8994,B/C,-0.2426,0.6667,0.6667,17.2433,6.4665,1,-6.63,-0.2426
Constituent Dynamics,58,7,no,no,0.9092,B/C,,0.8571,0.7143,9.4814,3.6043,0,,
Survation,889,2,no,no,0.9122,B/C,0.611,0,0.5,6.11,3.717,2,6.11,0.611
DeSales University,474,1,no,no,0.9187,B/C,0.569,1,1,14.26,8.1443,1,14.26,0.569
Greg Smith & Associates,128,5,no,no,0.9193,B/C,0.7189,0.4,0.4,10.132,4.6201,5,10.132,0.7189
Cole Hargrave Snodgrass & Associates,56,5,no,no,0.9249,B/C,0.0714,0.6,0.4,8.118,2.9784,3,3.4433,0.0714
Roanoke College,292,23,yes,no,0.9297,B/C,0.6333,0.8043,0.4348,7.58,2.0802,19,1.5363,0.6333
Kiaer Research,585,2,no,no,0.9412,B/C,0.815,1,1,10.62,5.0571,2,10.62,0.815
Hendrix College,138,18,no,no,0.9416,B/C,1.7853,0.9444,0.6111,8.165,1.9513,17,5.1324,1.7853
Marketing Workshop,194,8,no,no,0.9423,B/C,0.2644,0.5,0.625,10.6,3.4863,8,3.4725,0.2644
Momentum Analysis,214,3,no,no,0.9475,B/C,0.2791,0.3333,1,13.66,7.4587,3,5.7267,0.2791
Craciun Research Group,61,1,no,no,0.9481,B/C,0.578,0,1,19.17,11.3951,1,19.17,0.578
Western Kentucky University,379,4,no,no,0.9655,B/C,0.6954,0.75,0.75,10.91,3.5339,3,8.3667,0.6954
Market Research Insight,185,27,no,no,0.9706,B/C,-0.4528,0.7778,0.7037,8.0993,1.9629,27,-1.1689,-0.4528
IZQ Strategies,887,1,no,no,0.9826,B/C,,0,1,12.4,7.6549,0,,
Citizen Data,616,12,no,no,0.9849,B/C,2.3437,0.5833,0.6667,7.0433,2.1057,12,7.0433,2.3437
Truedot,880,2,no,no,1.0359,B/C,0.953,0.5,0.5,9.53,5.0851,2,9.53,0.953
Baldwin Wallace University,401,4,no,no,1.0406,B/C,1.294,0.5,0.75,8.84,3.6713,4,8.84,1.294
Amber Integrated,556,8,no,no,1.0604,B/C,1.8678,0.875,0.375,8.25,2.1688,8,6.8,1.8678
BWD Global,527,2,no,no,1.0782,B/C,-0.1061,1,0.5,13.5,9.1008,1,-4.36,-0.1061
Repass,268,4,no,no,1.0893,B/C,0.065,1,0.5,13.685,5.0351,1,1.69,0.065
Rutgers University,295,19,yes,no,1.0911,B/C,0.9699,0.8947,0.3684,7.5021,3.2642,19,2.4516,0.9699
We Ask America,376,56,no,no,1.0948,C,-0.7819,0.8125,0.4464,6.7341,1.768,37,-1.6781,-0.7819
Carroll Strategies,450,5,no,no,1.097,B/C,-1.5051,0.8,0.6,9.88,3.1969,5,-9.88,-1.5051
Glascock Group,116,2,no,no,1.1088,B/C,0.1939,0.5,1,15.06,10.3329,2,3.8,0.1939
Tomahawk Strategies,737,1,no,no,1.1104,B/C,0.7822,0,1,17.06,11.4124,1,17.06,0.7822
ccAdvertising,396,33,no,no,1.1296,B/C,-2.2423,0.8485,0.7576,7.3633,2.3204,33,-5.5464,-2.2423
Center Street PAC,715,4,no,no,1.1328,B/C,1.5509,0.75,0.75,9.62,4.1742,4,9.62,1.5509
Thomas Partners Strategies,452,2,no,no,1.1357,B/C,-1.0429,0,1,15.55,8.1543,2,-15.55,-1.0429
American Research Group,9,280,yes,no,1.1424,C,0.0699,0.7536,0.4071,7.7305,1.4081,86,0.1156,0.0699
Dane & Associates,71,2,no,no,1.1514,B/C,-0.7162,0.5,1,21.3,15.643,2,-21.3,-0.7162
GOP Calls,654,2,no,no,1.1521,B/C,-0.814,1,1,21.05,14.4025,2,-21.05,-0.814
McLaughlin & Associates,203,29,no,no,1.1627,B/C,-1.6967,0.6897,0.3448,7.3552,2.2826,29,-3.8103,-1.6967
Mitchell Research & Communications,213,82,no,no,1.1644,C,0.9357,0.6951,0.3902,6.7201,1.2855,57,1.3502,0.9357
Riggs Research Services,289,1,no,no,1.1649,B/C,0.6635,0,1,33.65,27.8356,1,33.65,0.6635
Meredith College,423,6,no,no,1.1675,B/C,1.0541,0.5,0.6667,10.135,3.2364,4,7.055,1.0541
FM3 Research,91,11,no,no,1.1805,B/C,1.8391,0.6818,0.4545,8.4291,3.4531,11,7.9618,1.8391
Saint Leo University Polling Institute,299,6,no,no,1.1911,B/C,1.3805,0.3333,0.6667,8.5,4.5105,6,8.5,1.3805
CPEC,38,2,no,no,1.1969,B/C,,1,1,15.87,10.6546,0,,
SoonerPoll.com,308,26,yes,no,1.197,B/C,2.6558,0.7692,0.5,9.0015,3.0359,22,6.4936,2.6558
TargetPoint,331,2,no,no,1.2067,B/C,,1,1,18.34,10.8227,0,,
University of Minnesota,143,10,no,no,1.2507,B/C,0.4318,0.5,0.3,10.269,5.3583,8,3.7812,0.4318
Elucd,549,4,no,no,1.2537,B/C,,0.5,0.75,13.025,5.3883,0,,
Target Insyght,330,6,no,no,1.2562,B/C,-0.4878,0.75,0.3333,10.2833,4.5594,4,-3.8925,-0.4878
"Island Analytics & Marketing, LLC",736,1,no,no,1.2636,B/C,,0,1,22.1,14.7529,0,,
Trafalgar Group/Insider Advantage,9032,3,no,no,1.2684,B/C,-1.9108,1,1,12.5733,5.2534,3,-12.5733,-1.9108
Opinion Research Associates,242,14,no,no,1.2867,B/C,1.6102,0.6071,0.4286,9.1914,4.1824,14,7.64,1.6102
Capen Analytics,827,1,no,no,1.2901,B/C,,1,1,22.31,13.498,0,,
Merriman River Group,207,25,no,no,1.3218,C/D,-2.7627,0.84,0.6,9.2144,3.0181,24,-7.9621,-2.7627
Brigham Young University,727,4,no,no,1.3713,C/D,1.5969,0.75,0.75,16.445,8.6575,4,16.445,1.5969
Triton Polling & Research,497,3,no,no,1.3822,C/D,0.9786,1,1,14.6433,6.7831,3,8.4033,0.9786
University of Wyoming,667,5,no,no,1.4612,C/D,2.219,1,0.8,12.218,5.6377,5,12.218,2.219
RABA Research,269,9,no,no,1.4735,C/D,2.4359,0.5556,0.5556,8.0944,3.4789,8,8.6375,2.4359
Point Blank Political,550,6,no,no,1.4949,C/D,,0.8333,0.8333,10.685,5.3982,0,,
The Political Matrix/The Listener Group,677,12,no,no,1.5142,C/D,1.4484,0.75,0.5,8.2117,3.6857,11,4.51,1.4484
SurveyMonkey,324,268,no,no,1.6337,D+,4.6289,0.8675,0.556,6.6435,1.7943,255,5.1596,4.6289
TCJ Research,327,132,no,yes,1.6489,F,-4.0723,0.5909,0.4924,6.4399,2.1691,124,-5.5873,-4.0723
Brown University,35,14,no,no,1.6737,C/D,-0.2033,0.8571,0.5714,10.0664,5.5026,8,-1.755,-0.2033
Indiana University-Purdue University Fort Wayne (Downs Center),150,3,no,no,1.7662,C/D,,0,1,23.4233,14.3311,0,,
Long Island University,633,4,no,no,1.7703,C/D,1.8762,1,1,11.9425,8.3125,4,11.9425,1.8762
Nielson Brothers Polling,231,11,no,no,2.0036,C/D,3.0515,0.9091,0.7273,12.2618,6.5919,11,12.2618,3.0515
Ascend Action,726,6,no,no,2.2345,C/D,3.3485,0.8333,1,14.9633,8.2388,6,14.9633,3.3485
Jayhawk Consulting Services,157,2,no,no,2.2924,C/D,2.2674,0.5,1,37.62,28.5568,2,37.62,2.2674
Fort Hays State University,101,6,no,no,2.4953,C/D,-1.0961,0.6667,0.5,22.115,12.9196,2,-18.725,-1.0961
The Dartmouth Poll,879,4,no,no,3.6857,C/D,4.4045,0.75,1,24.225,17.8673,4,24.225,4.4045
